Name,Price,Link
iPhone 15 Pro Max Blue Titanium 256GB,"S$1,900",https://www.carousell.sg/p/iphone-15-pro-max-blue-titanium-256gb-1260373859/?t-id=EM0lAJwMGb_1697444421852&t-referrer_browse_type=search_results&t-referrer_page_type=search&t-referrer_request_id=3r-bimd7XhJL0wGX&t-referrer_search_query=iphone%2015&t-referrer_sort_by=popular&t-tap_index=0
iPhone 15 Plus Blue 128GB,"S$1,350",https://www.carousell.sg/p/iphone-15-plus-blue-128gb-1260373008/?t-id=EM0lAJwMGb_1697444421852&t-referrer_browse_type=search_results&t-referrer_page_type=search&t-referrer_request_id=3r-bimd7XhJL0wGX&t-referrer_search_query=iphone%2015&t-referrer_sort_by=popular&t-tap_index=1
iPhone 15 Blue 128GB,"S$1,138",https://www.carousell.sg/p/iphone-15-blue-128gb-1260366059/?t-id=EM0lAJwMGb_1697444421852&t-referrer_browse_type=search_results&t-referrer_page_type=search&t-referrer_request_id=3r-bimd7XhJL0wGX&t-referrer_search_query=iphone%2015&t-referrer_sort_by=popular&t-tap_index=2
iPhone 15 Pro Natural Titanium 128GB,"S$1,550",https://www.carousell.sg/p/iphone-15-pro-natural-titanium-128gb-1260370450/?t-id=EM0lAJwMGb_1697444421852&t-referrer_browse_type=search_results&t-referrer_page_type=search&t-referrer_request_id=3r-bimd7XhJL0wGX&t-referrer_search_query=iphone%2015&t-referrer_sort_by=popular&t-tap_index=3
iPhone 15 Pro Max Blue Titanium 1 TB,"S$2,400",https://www.carousell.sg/p/iphone-15-pro-max-blue-titanium-1-tb-1260370916/?t-id=EM0lAJwMGb_1697444421852&t-referrer_browse_type=search_results&t-referrer_page_type=search&t-referrer_request_id=3r-bimd7XhJL0wGX&t-referrer_search_query=iphone%2015&t-referrer_sort_by=popular&t-tap_index=5
Dual nano sim Apple iphone 15 pro /pro max ,"S$1,688",https://www.carousell.sg/p/dual-nano-sim-apple-iphone-15-pro-pro-max-1256380892/?t-id=EM0lAJwMGb_1697444421852&t-referrer_browse_type=search_results&t-referrer_page_type=search&t-referrer_request_id=3r-bimd7XhJL0wGX&t-referrer_search_query=iphone%2015&t-referrer_sort_by=popular&t-tap_index=6
HK Dual Sim iPhone 15 Pro Max (Sealed) White 512 GB,"S$2,188",https://www.carousell.sg/p/hk-dual-sim-iphone-15-pro-max-sealed-white-512-gb-1258796637/?t-id=EM0lAJwMGb_1697444421852&t-referrer_browse_type=search_results&t-referrer_page_type=search&t-referrer_request_id=3r-bimd7XhJL0wGX&t-referrer_search_query=iphone%2015&t-referrer_sort_by=popular&t-tap_index=7
iPhone 15 Plus Black 128GB,"S$1,350",https://www.carousell.sg/p/iphone-15-plus-black-128gb-1260363552/?t-id=EM0lAJwMGb_1697444421852&t-referrer_browse_type=search_results&t-referrer_page_type=search&t-referrer_request_id=3r-bimd7XhJL0wGX&t-referrer_search_query=iphone%2015&t-referrer_sort_by=popular&t-tap_index=8
iPhone 15 Plus Blue 128GB,"S$1,420",https://www.carousell.sg/p/iphone-15-plus-blue-128gb-1260357622/?t-id=EM0lAJwMGb_1697444421852&t-referrer_browse_type=search_results&t-referrer_page_type=search&t-referrer_request_id=3r-bimd7XhJL0wGX&t-referrer_search_query=iphone%2015&t-referrer_sort_by=popular&t-tap_index=9
iPhone 15 Pro Max White Titanium 256GB,"S$1,980",https://www.carousell.sg/p/iphone-15-pro-max-white-titanium-256gb-1257407122/?t-id=EM0lAJwMGb_1697444421852&t-referrer_browse_type=search_results&t-referrer_page_type=search&t-referrer_request_id=3r-bimd7XhJL0wGX&t-referrer_search_query=iphone%2015&t-referrer_sort_by=popular&t-tap_index=10
iPhone 15 Pro Natural Titanium 256GB,"S$1,750",https://www.carousell.sg/p/iphone-15-pro-natural-titanium-256gb-1260353305/?t-id=EM0lAJwMGb_1697444421852&t-referrer_browse_type=search_results&t-referrer_page_type=search&t-referrer_request_id=3r-bimd7XhJL0wGX&t-referrer_search_query=iphone%2015&t-referrer_sort_by=popular&t-tap_index=11
Iphone 15 pro max 512gb Natural Titanium,"S$2,300",https://www.carousell.sg/p/iphone-15-pro-max-512gb-natural-titanium-1260370459/?t-id=EM0lAJwMGb_1697444421852&t-referrer_browse_type=search_results&t-referrer_page_type=search&t-referrer_request_id=3r-bimd7XhJL0wGX&t-referrer_search_query=iphone%2015&t-referrer_sort_by=popular&t-tap_index=13
Natural Titanium - iPhone 15 Pro Max  Silver 256 GB,"S$2,090",https://www.carousell.sg/p/natural-titanium-iphone-15-pro-max-silver-256-gb-1255430172/?t-id=EM0lAJwMGb_1697444421852&t-referrer_browse_type=search_results&t-referrer_page_type=search&t-referrer_request_id=3r-bimd7XhJL0wGX&t-referrer_search_query=iphone%2015&t-referrer_sort_by=popular&t-tap_index=14
iPhone 15 Pro Blue Titanium 256GB,"S$1,750",https://www.carousell.sg/p/iphone-15-pro-blue-titanium-256gb-1260343028/?t-id=EM0lAJwMGb_1697444421852&t-referrer_browse_type=search_results&t-referrer_page_type=search&t-referrer_request_id=3r-bimd7XhJL0wGX&t-referrer_search_query=iphone%2015&t-referrer_sort_by=popular&t-tap_index=15
iPhone 15 Pro White Titanium 256GB,"S$1,800",https://www.carousell.sg/p/iphone-15-pro-white-titanium-256gb-1260346918/?t-id=EM0lAJwMGb_1697444421852&t-referrer_browse_type=search_results&t-referrer_page_type=search&t-referrer_request_id=3r-bimd7XhJL0wGX&t-referrer_search_query=iphone%2015&t-referrer_sort_by=popular&t-tap_index=16
iPhone 15 Pro Natural Titanium 256GB,"S$1,620",https://www.carousell.sg/p/iphone-15-pro-natural-titanium-256gb-1260338045/?t-id=EM0lAJwMGb_1697444421852&t-referrer_browse_type=search_results&t-referrer_page_type=search&t-referrer_request_id=3r-bimd7XhJL0wGX&t-referrer_search_query=iphone%2015&t-referrer_sort_by=popular&t-tap_index=17
iPhone 15 Pro Max Natural Titanium 256GB,"S$2,050",https://www.carousell.sg/p/iphone-15-pro-max-natural-titanium-256gb-1260357409/?t-id=EM0lAJwMGb_1697444421852&t-referrer_browse_type=search_results&t-referrer_page_type=search&t-referrer_request_id=3r-bimd7XhJL0wGX&t-referrer_search_query=iphone%2015&t-referrer_sort_by=popular&t-tap_index=18
iPhone 15 Pro Max Blue Titanium 512GB,"S$2,180",https://www.carousell.sg/p/iphone-15-pro-max-blue-titanium-512gb-1259841396/?t-id=EM0lAJwMGb_1697444421852&t-referrer_browse_type=search_results&t-referrer_page_type=search&t-referrer_request_id=3r-bimd7XhJL0wGX&t-referrer_search_query=iphone%2015&t-referrer_sort_by=popular&t-tap_index=19
iPhone 15 Pro Max Blue Titanium 256GB,"S$1,950",https://www.carousell.sg/p/iphone-15-pro-max-blue-titanium-256gb-1260365159/?t-id=EM0lAJwMGb_1697444421852&t-referrer_browse_type=search_results&t-referrer_page_type=search&t-referrer_request_id=3r-bimd7XhJL0wGX&t-referrer_search_query=iphone%2015&t-referrer_sort_by=popular&t-tap_index=20
iPhone 15 Pro Max Natural Titanium 1 TB,"S$2,568",https://www.carousell.sg/p/iphone-15-pro-max-natural-titanium-1-tb-1260354922/?t-id=EM0lAJwMGb_1697444421852&t-referrer_browse_type=search_results&t-referrer_page_type=search&t-referrer_request_id=3r-bimd7XhJL0wGX&t-referrer_search_query=iphone%2015&t-referrer_sort_by=popular&t-tap_index=21
iPhone 15 Pro Blue Titanium 256GB,"S$1,850",https://www.carousell.sg/p/iphone-15-pro-blue-titanium-256gb-1260335534/?t-id=EM0lAJwMGb_1697444421852&t-referrer_browse_type=search_results&t-referrer_page_type=search&t-referrer_request_id=3r-bimd7XhJL0wGX&t-referrer_search_query=iphone%2015&t-referrer_sort_by=popular&t-tap_index=22
iPhone 15 Pro Natural Titanium 128GB,"S$1,500",https://www.carousell.sg/p/iphone-15-pro-natural-titanium-128gb-1260318993/?t-id=EM0lAJwMGb_1697444421852&t-referrer_browse_type=search_results&t-referrer_page_type=search&t-referrer_request_id=3r-bimd7XhJL0wGX&t-referrer_search_query=iphone%2015&t-referrer_sort_by=popular&t-tap_index=23
iPhone 15 Pro Natural Titanium 128GB,"S$1,550",https://www.carousell.sg/p/iphone-15-pro-natural-titanium-128gb-1260316217/?t-id=EM0lAJwMGb_1697444421852&t-referrer_browse_type=search_results&t-referrer_page_type=search&t-referrer_request_id=3r-bimd7XhJL0wGX&t-referrer_search_query=iphone%2015&t-referrer_sort_by=popular&t-tap_index=26
iPhone 15 Pro Max Natural Titanium 256GB,"S$1,950",https://www.carousell.sg/p/iphone-15-pro-max-natural-titanium-256gb-1260336540/?t-id=EM0lAJwMGb_1697444421852&t-referrer_browse_type=search_results&t-referrer_page_type=search&t-referrer_request_id=3r-bimd7XhJL0wGX&t-referrer_search_query=iphone%2015&t-referrer_sort_by=popular&t-tap_index=27
iPhone 15 Plus Black 128GB,"S$1,375",https://www.carousell.sg/p/iphone-15-plus-black-128gb-1260301566/?t-id=EM0lAJwMGb_1697444421852&t-referrer_browse_type=search_results&t-referrer_page_type=search&t-referrer_request_id=3r-bimd7XhJL0wGX&t-referrer_search_query=iphone%2015&t-referrer_sort_by=popular&t-tap_index=28
iPhone 15 Pro White Titanium 256GB,"S$1,850",https://www.carousell.sg/p/iphone-15-pro-white-titanium-256gb-1260325720/?t-id=EM0lAJwMGb_1697444421852&t-referrer_browse_type=search_results&t-referrer_page_type=search&t-referrer_request_id=3r-bimd7XhJL0wGX&t-referrer_search_query=iphone%2015&t-referrer_sort_by=popular&t-tap_index=29
iPhone 15 Pro Max Blue Titanium 256GB,"S$1,975",https://www.carousell.sg/p/iphone-15-pro-max-blue-titanium-256gb-1259510127/?t-id=EM0lAJwMGb_1697444421852&t-referrer_browse_type=search_results&t-referrer_page_type=search&t-referrer_request_id=3r-bimd7XhJL0wGX&t-referrer_search_query=iphone%2015&t-referrer_sort_by=popular&t-tap_index=30
iPhone 15 Pro Max Blue Titanium 512GB,"S$2,222",https://www.carousell.sg/p/iphone-15-pro-max-blue-titanium-512gb-1260365473/?t-id=EM0lAJwMGb_1697444421852&t-referrer_browse_type=search_results&t-referrer_page_type=search&t-referrer_request_id=3r-bimd7XhJL0wGX&t-referrer_search_query=iphone%2015&t-referrer_sort_by=popular&t-tap_index=31
iPhone 15 Pro Blue Titanium 128GB,"S$1,570",https://www.carousell.sg/p/iphone-15-pro-blue-titanium-128gb-1260267356/?t-id=EM0lAJwMGb_1697444421852&t-referrer_browse_type=search_results&t-referrer_page_type=search&t-referrer_request_id=3r-bimd7XhJL0wGX&t-referrer_search_query=iphone%2015&t-referrer_sort_by=popular&t-tap_index=32
iPhone 15 Pro Max Natural Titanium 256GB,"S$1,990",https://www.carousell.sg/p/iphone-15-pro-max-natural-titanium-256gb-1260342864/?t-id=EM0lAJwMGb_1697444421852&t-referrer_browse_type=search_results&t-referrer_page_type=search&t-referrer_request_id=3r-bimd7XhJL0wGX&t-referrer_search_query=iphone%2015&t-referrer_sort_by=popular&t-tap_index=33
iPhone 15 Black 128GB,"S$1,080",https://www.carousell.sg/p/iphone-15-black-128gb-1260241950/?t-id=EM0lAJwMGb_1697444421852&t-referrer_browse_type=search_results&t-referrer_page_type=search&t-referrer_request_id=3r-bimd7XhJL0wGX&t-referrer_search_query=iphone%2015&t-referrer_sort_by=popular&t-tap_index=34
iPhone 15 Pro Max Natural Titanium 256GB,"S$2,050",https://www.carousell.sg/p/iphone-15-pro-max-natural-titanium-256gb-1260042543/?t-id=EM0lAJwMGb_1697444421852&t-referrer_browse_type=search_results&t-referrer_page_type=search&t-referrer_request_id=3r-bimd7XhJL0wGX&t-referrer_search_query=iphone%2015&t-referrer_sort_by=popular&t-tap_index=35
iPhone 15 Pro 256GB,"S$1,760",https://www.carousell.sg/p/iphone-15-pro-256gb-1260286848/?t-id=EM0lAJwMGb_1697444421852&t-referrer_browse_type=search_results&t-referrer_page_type=search&t-referrer_request_id=3r-bimd7XhJL0wGX&t-referrer_search_query=iphone%2015&t-referrer_sort_by=popular&t-tap_index=36
iPhone 15 Pro Max White Titanium 256GB,"S$1,975",https://www.carousell.sg/p/iphone-15-pro-max-white-titanium-256gb-1260346417/?t-id=EM0lAJwMGb_1697444421852&t-referrer_browse_type=search_results&t-referrer_page_type=search&t-referrer_request_id=3r-bimd7XhJL0wGX&t-referrer_search_query=iphone%2015&t-referrer_sort_by=popular&t-tap_index=37
iPhone 15 Pro Max Natural Titanium 512GB,"S$2,270",https://www.carousell.sg/p/iphone-15-pro-max-natural-titanium-512gb-1260351987/?t-id=EM0lAJwMGb_1697444421852&t-referrer_browse_type=search_results&t-referrer_page_type=search&t-referrer_request_id=3r-bimd7XhJL0wGX&t-referrer_search_query=iphone%2015&t-referrer_sort_by=popular&t-tap_index=0
iPhone 15 Black 128GB,"S$1,199",https://www.carousell.sg/p/iphone-15-black-128gb-1260260941/?t-id=EM0lAJwMGb_1697444421852&t-referrer_browse_type=search_results&t-referrer_page_type=search&t-referrer_request_id=3r-bimd7XhJL0wGX&t-referrer_search_query=iphone%2015&t-referrer_sort_by=popular&t-tap_index=1
iPhone 15 Pro Max Blue Titanium 512GB,"S$2,188",https://www.carousell.sg/p/iphone-15-pro-max-blue-titanium-512gb-1260348332/?t-id=EM0lAJwMGb_1697444421852&t-referrer_browse_type=search_results&t-referrer_page_type=search&t-referrer_request_id=3r-bimd7XhJL0wGX&t-referrer_search_query=iphone%2015&t-referrer_sort_by=popular&t-tap_index=2
iPhone 15 Pink 256GB,"S$1,459",https://www.carousell.sg/p/iphone-15-pink-256gb-1260245894/?t-id=EM0lAJwMGb_1697444421852&t-referrer_browse_type=search_results&t-referrer_page_type=search&t-referrer_request_id=3r-bimd7XhJL0wGX&t-referrer_search_query=iphone%2015&t-referrer_sort_by=popular&t-tap_index=3
iPhone 15 Pro Max White Titanium 1 TB,S$50,https://www.carousell.sg/p/iphone-15-pro-max-white-titanium-1-tb-1260354526/?t-id=EM0lAJwMGb_1697444421852&t-referrer_browse_type=search_results&t-referrer_page_type=search&t-referrer_request_id=3r-bimd7XhJL0wGX&t-referrer_search_query=iphone%2015&t-referrer_sort_by=popular&t-tap_index=4
iPhone 15 Pink 256GB,"S$1,440",https://www.carousell.sg/p/iphone-15-pink-256gb-1260247189/?t-id=EM0lAJwMGb_1697444421852&t-referrer_browse_type=search_results&t-referrer_page_type=search&t-referrer_request_id=3r-bimd7XhJL0wGX&t-referrer_search_query=iphone%2015&t-referrer_sort_by=popular&t-tap_index=5
iPhone 15 Pro Black Titanium 256GB,"S$1,740",https://www.carousell.sg/p/iphone-15-pro-black-titanium-256gb-1260300131/?t-id=EM0lAJwMGb_1697444421852&t-referrer_browse_type=search_results&t-referrer_page_type=search&t-referrer_request_id=3r-bimd7XhJL0wGX&t-referrer_search_query=iphone%2015&t-referrer_sort_by=popular&t-tap_index=7
iPhone 15 Pro Max Natural Titanium 512GB,"S$2,288",https://www.carousell.sg/p/iphone-15-pro-max-natural-titanium-512gb-1260338565/?t-id=EM0lAJwMGb_1697444421852&t-referrer_browse_type=search_results&t-referrer_page_type=search&t-referrer_request_id=3r-bimd7XhJL0wGX&t-referrer_search_query=iphone%2015&t-referrer_sort_by=popular&t-tap_index=8
iPhone 15 Pro Max Natural Titanium 256GB,"S$1,999",https://www.carousell.sg/p/iphone-15-pro-max-natural-titanium-256gb-1260308253/?t-id=EM0lAJwMGb_1697444421852&t-referrer_browse_type=search_results&t-referrer_page_type=search&t-referrer_request_id=3r-bimd7XhJL0wGX&t-referrer_search_query=iphone%2015&t-referrer_sort_by=popular&t-tap_index=9
iPhone 15 Pro Max Natural Titanium 512GB,"S$2,319",https://www.carousell.sg/p/iphone-15-pro-max-natural-titanium-512gb-1255211071/?t-id=EM0lAJwMGb_1697444421852&t-referrer_browse_type=search_results&t-referrer_page_type=search&t-referrer_request_id=3r-bimd7XhJL0wGX&t-referrer_search_query=iphone%2015&t-referrer_sort_by=popular&t-tap_index=10
iPhone 15 Pro Max Natural Titanium 256GB,"S$2,000",https://www.carousell.sg/p/iphone-15-pro-max-natural-titanium-256gb-1260311739/?t-id=EM0lAJwMGb_1697444421852&t-referrer_browse_type=search_results&t-referrer_page_type=search&t-referrer_request_id=3r-bimd7XhJL0wGX&t-referrer_search_query=iphone%2015&t-referrer_sort_by=popular&t-tap_index=11
